<!-- Copyright (C) 2019 Google Inc. All Rights Reserved.

FirebaseCrashlytics iOS and Android Dependencies.
-->

<dependencies>
  <iosPods>
    <iosPod name="Firebase/Crashlytics" version="10.25.0" minTargetSdk="8.0">
    </iosPod>
  </iosPods>
  <androidPackages>
    <androidPackage spec="com.google.firebase:firebase-crashlytics-ndk:19.0.0">
    </androidPackage>
    <androidPackage spec="com.google.firebase:firebase-analytics:22.0.0">
    </androidPackage>
    <androidPackage spec="com.google.firebase:firebase-crashlytics-unity:12.0.0">
      <repositories>
        <repository>Assets/Firebase/m2repository</repository>
      </repositories>
    </androidPackage>
  </androidPackages>
</dependencies>
